,Mean F1,Std F1
Baseline (Dummy),0.712383756594283,0.00180591338486078
Baseline (Logistic),0.8253396677112581,0.019882329174336185
SVM (linear),0.8224468749124725,0.03040640040625914
SVM (RBF),0.8457464118703173,0.024792259013076492
Random Forest,0.8374787676802864,0.02453964563461464
XGBoost,0.832276601294034,0.033212713730779664
