,label_ratio,supervised_f1,self_training_f1,label_spreading_f1,supervised_pr_auc,self_training_pr_auc,label_spreading_pr_auc
0,0.05,0.8303571428571429,0.8148148148148148,0.7414634146341463,0.8752646485057656,0.8513049636676769,0.7912630101974417
1,0.1,0.8416289592760181,0.8326180257510729,0.7707317073170732,0.8840156826161634,0.8026433439822158,0.801242730120719
2,0.15,0.8436018957345972,0.8506787330316742,0.7922705314009661,0.909670529672495,0.8964602463102567,0.8312918566652268
3,0.2,0.8461538461538461,0.8545454545454545,0.7980769230769231,0.9296331924640564,0.925267074621877,0.8519213317986124
4,0.3,0.8611111111111112,0.852017937219731,0.7788461538461539,0.8980287143109923,0.9163090032849318,0.790626838963393
5,0.5,0.8744186046511628,0.8703703703703703,0.7804878048780488,0.9213747894886051,0.9129463587949529,0.8593577531608341
